TitleId,Image
1,Minecraft0.jpg
1,Minecraft1.jpg
1,Minecraft2.jpg
2,gtav0.jpg
2,gtav1.jpg
2,gtav2.jpg
3,tetrisea0.jpg
3,tetrisea1.jpg
3,tetrisea2.jpg
4,wiisports0.webp
4,wiisports2.webp
4,wiisports1.jpg
5,pubg0.webp
5,pubg1.png
5,pubg2.jpg
6,1985smb0.jpg
6,1985smb1.jpg
6,1985smb2.png
7,mk8d0.webp
7,mk8d1.png
7,mk8d2.jpg
8,pokemonyellow0.png
8,pokemonyellow1.jpg
8,pokemonyellow2.jpg
9,rdr20.webp
9,rdr21.jpg
9,rdr22.webp
10,terraria0.jpg
10,terraria1.webp
10,terraria2.webp
11,wiifitplus0.jpg
11,wiifitplus1.jpg
11,wiifitplus2.jpg
12,1989tetris0.png
12,1989tetris1.png
12,1989tetris2.png
13,pacman0.png
13,pacman1.webp
13,pacman2.jpg
14,acnh0.jpg
14,acnh1.webp
14,acnh2.jpg
14,acnh3.webp
15,witcherthird0.jpg
15,witcherthird1.webp
15,witcherthird2.jpg
16,hff0.png
16,hff1.jpg
16,hff2.jpg
17,mkwii0.webp
17,mkwii1.jpg
17,mkwii2.webp
18,wiisportsresort0.webp
18,wiisportsresort1.webp
18,wiisportsresort2.jpg
18,wiisportsresort3.jpg
18,wiisportsresort4.webp
19,nsmbds0.png
19,nsmbds1.jpg
19,nsmbds2.webp
19,nsmbds3.jpg
20,nsmbwii0.webp
20,nsmbwii1.png
20,nsmbwii2.webp
21,2019codmw0.jpg
21,2019codmw1.jpg
21,2019codmw2.jpg
22,diablothird0.jpg
22,diablothird1.jpg
22,diablothird2.jpg
23,skyrim0.webp
23,skyrim1.webp
23,skyrim2.jpg
24,ssbu0.webp
24,ssbu1.webp
24,ssbu2.jpg
25,tlozbotw0.webp
25,tlozbotw1.jpg
25,tlozbotw2.jpg
26,pokemoncrystal0.webp
26,pokemoncrystal1.webp
26,pokemoncrystal2.jpg
27,duckhunt0.jpg
27,duckhunt1.jpg
27,duckhunt2.webp
28,wiiplay0.webp
28,wiiplay1.jpg
28,wiiplay2.jpg
29,twd0.jpg
29,twd1.jpg
29,twd2.jpg
30,gtasa0.jpg
30,gtasa1.jpg
30,gtasa2.webp
31,1990smw0.png
31,1990smw1.jpg
31,1990smw2.jpg
32,codmw30.jpg
32,codmw31.webp
32,codmw32.jpg
33,codblops10.jpg
33,codblops11.jpg
33,codblops12.jpg
34,borderlandstwo0.jpg
34,borderlandstwo1.jpg
34,borderlandstwo2.png
35,pokemonsword0.jpg
35,pokemonsword1.jpg
35,pokemonsword2.jpg
36,pokemonsun0.jpg
36,pokemonsun1.jpg
36,pokemonsun2.webp
37,gtaiv0.jpg
37,gtaiv0.jpg
37,gtaiv0.jpg
38,pokemonpearl0.jpg
38,pokemonpearl1.webp
38,pokemonpearl2.webp
38,pokemonpearl3.webp
39,smbthree0.png
39,smbthree1.webp
39,smbthree2.webp
40,smbodyssey0.webp
40,smbodyssey1.jpg
40,smbodyssey2.jpg
41,blopstwo0.webp
41,blopstwo1.webp
41,blopstwo2.webp
41,blopstwo3.jpg
41,blopstwo4.jpg
42,18fifa0.webp
42,18fifa1.jpg
42,18fifa2.jpg
43,ka0.jpg
43,ka1.jpg
43,ka2.jpg
43,ka3.jpg
44,sonic0.webp
44,sonic1.jpg
44,sonic2.jpg
45,nitendogs0.webp
45,nitendogs1.jpg
45,nitendogs2.jpg
46,mkds0.jpg
46,mkds1.jpg
46,mkds2.jpg
47,gow0.jpg
47,gow1.webp
47,gow2.webp
48,rdroriginal0.webp
48,rdroriginal1.jpg
48,rdroriginal2webp
49,codmwtwo0.jpg
49,codmwtwo1.jpg
49,codmwtwo2.jpg
